Determination start,Method name,ID1.Value,ID2.Value,RS01.Name,RS01.Value,RS02.Name,RS02.Value,Lab TEMP,[DELTA]ph
,,,,,,,,,
,pH Cal,Standard,,,,,,,0
,pH Measure,cc,,pH,,T,,,
,pH Measure,BLK,before,pH,,T,,,
,pH Measure,BLK,after,pH,,T,,,
,pH Measure,,,pH,,T,,,
,pH Measure,,,pH,,T,,,
,pH Measure,,,pH,,T,,,
,pH Measure,,,pH,,T,,,
,pH Measure,,,pH,,T,,,
,pH Measure,,,pH,,T,,,
,pH Measure,,,pH,,T,,,
,pH Measure,,,pH,,T,,,
,pH Measure,,,pH,,T,,,
,pH Measure,,,pH,,T,,,
,pH Measure,,,pH,,T,,,
,pH Measure,,,pH,,T,,,
,pH Measure,,,pH,,T,,,
,pH Measure,,,pH,,T,,,
,pH Measure,,,pH,,T,,,
,pH Measure,,,pH,,T,,,
,pH Measure,,,pH,,T,,,
,pH Measure,,,pH,,T,,,
,pH Measure,,,pH,,T,,,
,pH Measure,,,pH,,T,,,
,pH Measure,,,pH,,T,,,
,pH Measure,,,pH,,T,,,
,pH Measure,,,pH,,T,,,
,pH Measure,,,pH,,T,,,
,pH Measure,,,pH,,T,,,
,pH Measure,,,pH,,T,,,
,pH Measure,,,pH,,T,,,
,pH Measure,,,pH,,T,,,
,pH Measure,,,pH,,T,,,
,pH Measure,,,pH,,T,,,
,pH Measure,,,pH,,T,,,
,pH Measure,,,pH,,T,,,
,pH Measure,,,pH,,T,,,
,pH Measure,,,pH,,T,,,
,pH Measure,,,pH,,T,,,
,pH Measure,,,pH,,T,,,
,pH Measure,,,pH,,T,,,
,pH Measure,,,pH,,T,,,
,pH Measure,,,pH,,T,,,
,pH Measure,,,pH,,T,,,
,pH Measure,,,pH,,T,,,
,pH Measure,,,pH,,T,,,
,pH Measure,,,pH,,T,,,
,pH Measure,,,pH,,T,,,
,pH Measure,,,pH,,T,,,
,pH Measure,,,pH,,T,,,
,pH Measure,,,pH,,T,,,
,pH Measure,,,pH,,T,,,
,pH Measure,,,pH,,T,,,
,pH Measure,,,pH,,T,,,
,pH Measure,,,pH,,T,,,
,pH Measure,,,pH,,T,,,
,pH Measure,,,pH,,T,,,
,pH Measure,,,pH,,T,,,
,pH Measure,,,pH,,T,,,
,pH Measure,,,pH,,T,,,
,pH Measure,,,pH,,T,,,
,pH Measure,,,pH,,T,,,
,pH Measure,,,pH,,T,,,
,pH Measure,,,pH,,T,,,
,pH Measure,,,pH,,T,,,
,pH Measure,,,pH,,T,,,
,pH Measure,,,pH,,T,,,
,pH Measure,,,pH,,T,,,
,pH Measure,,,pH,,T,,,
,pH Measure,,,pH,,T,,,
,pH Measure,,,pH,,T,,,
,pH Measure,,,pH,,T,,,
,pH Measure,,,pH,,T,,,
,pH Measure,,,pH,,T,,,
,pH Measure,,,pH,,T,,,
,pH Measure,,,pH,,T,,,
,pH Measure,,,pH,,T,,,
,pH Measure,,,pH,,T,,,
,pH Measure,,,pH,,T,,,
,pH Measure,,,pH,,T,,,
,pH Measure,,,pH,,T,,,
,pH Measure,,,pH,,T,,,
,pH Measure,,,pH,,T,,,
,pH Measure,,,pH,,T,,,
,pH Measure,,,pH,,T,,,
,pH Measure,,,pH,,T,,,
,pH Measure,,,pH,,T,,,
,pH Measure,,,pH,,T,,,
,pH Measure,,,pH,,T,,,
,pH Measure,,,pH,,T,,,
,pH Measure,,,pH,,T,,,
,pH Measure,,,pH,,T,,,
,pH Measure,,,pH,,T,,,
,pH Measure,,,pH,,T,,,
,pH Measure,,,pH,,T,,,
,pH Measure,,,pH,,T,,,
,pH Measure,,,pH,,T,,,
,pH Measure,,,pH,,T,,,
,pH Measure,,,pH,,T,,,
,pH Measure,,,pH,,T,,,
,pH Measure,,,pH,,T,,,
,pH Measure,,,pH,,T,,,
,pH Measure,,,pH,,T,,,
,pH Measure,,,pH,,T,,,
,pH Measure,,,pH,,T,,,
,pH Measure,,,pH,,T,,,
,pH Measure,,,pH,,T,,,
,pH Measure,,,pH,,T,,,
,pH Measure,,,pH,,T,,,
,pH Measure,,,pH,,T,,,
,pH Measure,,,pH,,T,,,
,pH Measure,,,pH,,T,,,
,pH Measure,,,pH,,T,,,
,pH Measure,,,pH,,T,,,
,pH Measure,,,pH,,T,,,
,pH Measure,,,pH,,T,,,
,pH Measure,,,pH,,T,,,
,pH Measure,,,pH,,T,,,
,pH Measure,,,pH,,T,,,
,pH Measure,,,pH,,T,,,
,pH Measure,,,pH,,T,,,
,pH Measure,,,pH,,T,,,
,pH Measure,,,pH,,T,,,
,pH Measure,,,pH,,T,,,
,pH Measure,,,pH,,T,,,
,pH Measure,,,pH,,T,,,
,pH Measure,,,pH,,T,,,
,pH Measure,,,pH,,T,,,
,pH Measure,,,pH,,T,,,
,pH Measure,,,pH,,T,,,
,pH Measure,,,pH,,T,,,
,pH Measure,,,pH,,T,,,
,pH Measure,,,pH,,T,,,
,pH Measure,,,pH,,T,,,
,pH Measure,,,pH,,T,,,
,pH Measure,,,pH,,T,,,
,pH Measure,,,pH,,T,,,
,pH Measure,,,pH,,T,,,
,pH Measure,,,pH,,T,,,
,pH Measure,,,pH,,T,,,
,pH Measure,,,pH,,T,,,
,pH Measure,,,pH,,T,,,
,pH Measure,,,pH,,T,,,
,pH Measure,,,pH,,T,,,
,pH Measure,,,pH,,T,,,
,pH Measure,,,pH,,T,,,
,pH Measure,,,pH,,T,,,
,pH Measure,,,pH,,T,,,
,pH Measure,,,pH,,T,,,
,pH Measure,,,pH,,T,,,
,pH Measure,,,pH,,T,,,
,pH Measure,,,pH,,T,,,
,pH Measure,,,pH,,T,,,
,pH Measure,,,pH,,T,,,
,pH Measure,,,pH,,T,,,
,pH Measure,,,pH,,T,,,
,pH Measure,,,pH,,T,,,
,pH Measure,,,pH,,T,,,
,pH Measure,,,pH,,T,,,
,pH Measure,,,pH,,T,,,
,pH Measure,,,pH,,T,,,
,pH Measure,,,pH,,T,,,
,pH Measure,,,pH,,T,,,
,pH Measure,,,pH,,T,,,
,pH Measure,,,pH,,T,,,
,pH Measure,,,pH,,T,,,
,pH Measure,,,pH,,T,,,
,pH Measure,,,pH,,T,,,
,pH Measure,,,pH,,T,,,
,pH Measure,,,pH,,T,,,
,pH Measure,,,pH,,T,,,
,pH Measure,,,pH,,T,,,
,pH Measure,,,pH,,T,,,
,pH Measure,,,pH,,T,,,
,pH Measure,,,pH,,T,,,
,pH Measure,,,pH,,T,,,
,pH Measure,,,pH,,T,,,
,pH Measure,,,pH,,T,,,
,pH Measure,,,pH,,T,,,
,pH Measure,,,pH,,T,,,
,pH Measure,,,pH,,T,,,
,pH Measure,,,pH,,T,,,
,pH Measure,,,pH,,T,,,
,pH Measure,,,pH,,T,,,
,pH Measure,,,pH,,T,,,
,pH Measure,,,pH,,T,,,
,pH Measure,,,pH,,T,,,
,pH Measure,,,pH,,T,,,
,pH Measure,,,pH,,T,,,
,pH Measure,,,pH,,T,,,
,pH Measure,,,pH,,T,,,
,pH Measure,,,pH,,T,,,
,pH Measure,,,pH,,T,,,
,pH Measure,,,pH,,T,,,
,pH Measure,,,pH,,T,,,
,pH Measure,,,pH,,T,,,
